move cosmic-de/cosmic-applets cosmic-base/cosmic-applets
move cosmic-de/cosmic-applibrary cosmic-base/cosmic-applibrary
move cosmic-de/cosmic-bg cosmic-base/cosmic-bg
move cosmic-de/cosmic-comp cosmic-base/cosmic-comp
move cosmic-de/cosmic-edit cosmic-base/cosmic-edit
move cosmic-de/cosmic-files cosmic-base/cosmic-files
move cosmic-de/cosmic-greeter cosmic-base/cosmic-greeter
move cosmic-de/cosmic-icons cosmic-base/cosmic-icons
move cosmic-de/cosmic-idle cosmic-base/cosmic-idle
move cosmic-de/cosmic-launcher cosmic-base/cosmic-launcher
move cosmic-de/cosmic-meta cosmic-base/cosmic-meta
move cosmic-de/cosmic-notifications cosmic-base/cosmic-notifications
move cosmic-de/cosmic-osd cosmic-base/cosmic-osd
move cosmic-de/cosmic-panel cosmic-base/cosmic-panel
move cosmic-de/cosmic-player cosmic-base/cosmic-player
move cosmic-de/cosmic-randr cosmic-base/cosmic-randr
move cosmic-de/cosmic-screenshot cosmic-base/cosmic-screenshot
move cosmic-de/cosmic-session cosmic-base/cosmic-session
move cosmic-de/cosmic-settings-daemon cosmic-base/cosmic-settings-daemon
move cosmic-de/cosmic-settings cosmic-base/cosmic-settings
move cosmic-de/cosmic-store cosmic-base/cosmic-store
move cosmic-de/cosmic-term cosmic-base/cosmic-term
move cosmic-de/cosmic-wallpapers cosmic-base/cosmic-wallpapers
move cosmic-de/cosmic-workspaces-epoch cosmic-base/cosmic-workspaces-epoch
move cosmic-de/pop-appstream-data cosmic-base/pop-appstream-data
move cosmic-de/pop-fonts cosmic-base/pop-fonts
move cosmic-de/pop-gtk-theme cosmic-base/pop-gtk-theme
move cosmic-de/pop-icon-theme cosmic-base/pop-icon-theme
move cosmic-de/pop-launcher cosmic-base/pop-launcher
move cosmic-de/pop-theme-meta cosmic-base/pop-theme-meta
move cosmic-de/system76-power cosmic-base/system76-power
move cosmic-de/xdg-desktop-portal-cosmic cosmic-base/xdg-desktop-portal-cosmic
